Workbook

Sheet patient_outcome
A1: Patient_ID | B1: Outcome | C1: Follow_Up_Required
A2: PT1001 | B2: Ongoing | C2: Yes
A3: PT1002 | B3: Improved | C3: No
A4: PT1003 | B4: Improved | C4: No
A5: PT1004 | B5: Improved | C5: No
A6: PT1005 | B6: Ongoing | C6: No
A7: PT1006 | B7: Improved | C7: No
A8: PT1007 | B8: Improved | C8: Yes
A9: PT1008 | B9: Improved | C9: No
A10: PT1009 | B10: Ongoing | C10: No
A11: PT1010 | B11: Improved | C11: No
A12: PT1011 | B12: Improved | C12: No
... A36: PT1035 | B36: Improved | C36: No

Sheet patient_attendance
A1: Patient_ID | B1: Patient_Name | C1: Department | D1: Year | E1: Month
A2: PT1001 | B2: Patient 1 | C2: Cardiology | D2: 2025 | E2: 2
A3: PT1002 | B3: Patient 2 | C3: Cardiology | D3: 2025 | E3: 3
A4: PT1003 | B4: Patient 3 | C4: Cardiology | D4: 2025 | E4: 4
A5: PT1004 | B5: Patient 4 | C5: Cardiology | D5: 2025 | E5: 5
A6: PT1005 | B6: Patient 5 | C6: Cardiology | D6: 2025 | E6: 6
A7: PT1006 | B7: Patient 6 | C7: Cardiology | D7: 2025 | E7: 7
A8: PT1007 | B8: Patient 7 | C8: Cardiology | D8: 2025 | E8: 8
A9: PT1008 | B9: Patient 8 | C9: Cardiology | D9: 2025 | E9: 9
A10: PT1009 | B10: Patient 9 | C10: Cardiology | D10: 2025 | E10: 10
A11: PT1010 | B11: Patient 10 | C11: Cardiology | D11: 2025 | E11: 11
A12: PT1011 | B12: Patient 11 | C12: Cardiology | D12: 2025 | E12: 12
A13: PT1012 | B13: Patient 12 | C13: Cardiology | D13: 2025 | E13: 1
... A36: PT1035 | B36: Patient 35 | C36: Cardiology | D36: 2025 | E36: 12

Sheet Appointments
A1: Patient_ID | B1: Appointment_Count | C1: Did_Not_Attend
A2: PT1001 | B2: 2 | C2: No
A3: PT1002 | B3: 3 | C3: No
A4: PT1003 | B4: 4 | C4: No
A5: PT1004 | B5: 5 | C5: No
A6: PT1005 | B6: 1 | C6: No
A7: PT1006 | B7: 2 | C7: No
A8: PT1007 | B8: 3 | C8: Yes
A9: PT1008 | B9: 4 | C9: No
A10: PT1009 | B10: 5 | C10: No
A11: PT1010 | B11: 1 | C11: No
A12: PT1011 | B12: 2 | C12: No
A13: PT1012 | B13: 3 | C13: No
... A36: PT1035 | B36: 1 | C36: Yes

Sheet DETAILS
A1: Patient ID | B1: Full | C1: Name | D1: Date of Birth | E1: Gender | F1: GP | G1: On Medication | H1: Appointment Count | I1: DNA | J1: Department | K1: Year | L1: Month | M1: Outcome | N1: Follow Up Required
A2: PT1001 | B2: John | C2: SMITH | D2: 30814 | E2: M | F2: HEALTH CENTRE NORTH | G2: NO | H2: =_xlfn.XLOOKUP(messy_patient_details[[#This Row],[ Patient ID ]],Appointments!A:A,Appointments!B:B,"Not recorded") -> 2 | I2: =_xlfn.XLOOKUP(messy_patient_details[[#This Row],[ Patient ID ]],Appointments!A:A,Appointments!C:C,"Not recorded") -> No | J2: =_xlfn.XLOOKUP(messy_patient_details[[#This Row],[ Patient ID ]],patient_attendance!A:A,patient_attendance!C:C,"Not recorded") -> Cardiology | K2: =_xlfn.XLOOKUP(messy_patient_details[[#This Row],[ Patient ID ]],patient_attendance!A:A,patient_attendance!D:D,"Not recorded") -> 2025 | L2: =_xlfn.XLOOKUP(messy_patient_details[[#This Row],[ Patient ID ]],patient_attendance!A:A,patient_attendance!E:E,"Not recorded") -> 2 | M2: =_xlfn.XLOOKUP(messy_patient_details[[#This Row],[ Patient ID ]],patient_outcome!A:A,patient_outcome!B:B,"Not recorded") -> Ongoing | N2: =_xlfn.XLOOKUP(messy_patient_details[[#This Row],[ Patient ID ]],patient_outcome!A:A,patient_outcome!C:C,"Not recorded") -> Yes
A3: PT1002 | B3: Jane | C3: DOE | D3: 25720 | E3: M | F3: DR ADAMS | G3: NO | H3: =_xlfn.XLOOKUP(messy_patient_details[[#This Row],[ Patient ID ]],Appointments!A:A,Appointments!B:B,"Not recorded") -> 3 | I3: =_xlfn.XLOOKUP(messy_patient_details[[#This Row],[ Patient ID ]],Appointments!A:A,Appointments!C:C,"Not recorded") -> No | J3: =_xlfn.XLOOKUP(messy_patient_details[[#This Row],[ Patient ID ]],patient_attendance!A:A,patient_attendance!C:C,"Not recorded") -> Cardiology | K3: =_xlfn.XLOOKUP(messy_patient_details[[#This Row],[ Patient ID ]],patient_attendance!A:A,patient_attendance!D:D,"Not recorded") -> 2025 | L3: =_xlfn.XLOOKUP(messy_patient_details[[#This Row],[ Patient ID ]],patient_attendance!A:A,patient_attendance!E:E,"Not recorded") -> 3 | M3: =_xlfn.XLOOKUP(messy_patient_details[[#This Row],[ Patient ID ]],patient_outcome!A:A,patient_outcome!B:B,"Not recorded") -> Improved | N3: =_xlfn.XLOOKUP(messy_patient_details[[#This Row],[ Patient ID ]],patient_outcome!A:A,patient_outcome!C:C,"Not recorded") -> No
A4: PT1003 | B4: Alice | C4: BROWN | D4: 25720 | E4: F | F4: DR ADAMS | G4: NO | H4: =_xlfn.XLOOKUP(messy_patient_details[[#This Row],[ Patient ID ]],Appointments!A:A,Appointments!B:B,"Not recorded") -> 4 | I4: =_xlfn.XLOOKUP(messy_patient_details[[#This Row],[ Patient ID ]],Appointments!A:A,Appointments!C:C,"Not recorded") -> No | J4: =_xlfn.XLOOKUP(messy_patient_details[[#This Row],[ Patient ID ]],patient_attendance!A:A,patient_attendance!C:C,"Not recorded") -> Cardiology | K4: =_xlfn.XLOOKUP(messy_patient_details[[#This Row],[ Patient ID ]],patient_attendance!A:A,patient_attendance!D:D,"Not recorded") -> 2025 | L4: =_xlfn.XLOOKUP(messy_patient_details[[#This Row],[ Patient ID ]],patient_attendance!A:A,patient_attendance!E:E,"Not recorded") -> 4 | M4: =_xlfn.XLOOKUP(messy_patient_details[[#This Row],[ Patient ID ]],patient_outcome!A:A,patient_outcome!B:B,"Not recorded") -> Improved | N4: =_xlfn.XLOOKUP(messy_patient_details[[#This Row],[ Patient ID ]],patient_outcome!A:A,patient_outcome!C:C,"Not recorded") -> No
A5: PT1004 | B5: Robert | C5: JONES | D5: 25720 | E5: F | F5: HEALTH CENTRE NORTH | G5: NO | H5: =_xlfn.XLOOKUP(messy_patient_details[[#This Row],[ Patient ID ]],Appointments!A:A,Appointments!B:B,"Not recorded") -> 5 | I5: =_xlfn.XLOOKUP(messy_patient_details[[#This Row],[ Patient ID ]],Appointments!A:A,Appointments!C:C,"Not recorded") -> No | J5: =_xlfn.XLOOKUP(messy_patient_details[[#This Row],[ Patient ID ]],patient_attendance!A:A,patient_attendance!C:C,"Not recorded") -> Cardiology | K5: =_xlfn.XLOOKUP(messy_patient_details[[#This Row],[ Patient ID ]],patient_attendance!A:A,patient_attendance!D:D,"Not recorded") -> 2025 | L5: =_xlfn.XLOOKUP(messy_patient_details[[#This Row],[ Patient ID ]],patient_attendance!A:A,patient_attendance!E:E,"Not recorded") -> 5 | M5: =_xlfn.XLOOKUP(messy_patient_details[[#This Row],[ Patient ID ]],patient_outcome!A:A,patient_outcome!B:B,"Not recorded") -> Improved | N5: =_xlfn.XLOOKUP(messy_patient_details[[#This Row],[ Patient ID ]],patient_outcome!A:A,patient_outcome!C:C,"Not recorded") -> No
A6: PT1005 | B6: Sarah | C6: WHITE | D6: 30814 | E6: M | F6: HEALTH CENTRE NORTH | G6: NO | H6: =_xlfn.XLOOKUP(messy_patient_details[[#This Row],[ Patient ID ]],Appointments!A:A,Appointments!B:B,"Not recorded") -> 1 | I6: =_xlfn.XLOOKUP(messy_patient_details[[#This Row],[ Patient ID ]],Appointments!A:A,Appointments!C:C,"Not recorded") -> No | J6: =_xlfn.XLOOKUP(messy_patient_details[[#This Row],[ Patient ID ]],patient_attendance!A:A,patient_attendance!C:C,"Not recorded") -> Cardiology | K6: =_xlfn.XLOOKUP(messy_patient_details[[#This Row],[ Patient ID ]],patient_attendance!A:A,patient_attendance!D:D,"Not recorded") -> 2025 | L6: =_xlfn.XLOOKUP(messy_patient_details[[#This Row],[ Patient ID ]],patient_attendance!A:A,patient_attendance!E:E,"Not recorded") -> 6 | M6: =_xlfn.XLOOKUP(messy_patient_details[[#This Row],[ Patient ID ]],patient_outcome!A:A,patient_outcome!B:B,"Not recorded") -> Ongoing | N6: =_xlfn.XLOOKUP(messy_patient_details[[#This Row],[ Patient ID ]],patient_outcome!A:A,patient_outcome!C:C,"Not recorded") -> No
A7: PT1006 | B7: Michael | C7: GREEN | D7: 25720 | E7: F | F7: HEALTH CENTRE NORTH | G7: NO | H7: =_xlfn.XLOOKUP(messy_patient_details[[#This Row],[ Patient ID ]],Appointments!A:A,Appointments!B:B,"Not recorded") -> 2 | I7: =_xlfn.XLOOKUP(messy_patient_details[[#This Row],[ Patient ID ]],Appointments!A:A,Appointments!C:C,"Not recorded") -> No | J7: =_xlfn.XLOOKUP(messy_patient_details[[#This Row],[ Patient ID ]],patient_attendance!A:A,patient_attendance!C:C,"Not recorded") -> Cardiology | K7: =_xlfn.XLOOKUP(messy_patient_details[[#This Row],[ Patient ID ]],patient_attendance!A:A,patient_attendance!D:D,"Not recorded") -> 2025 | L7: =_xlfn.XLOOKUP(messy_patient_details[[#This Row],[ Patient ID ]],patient_attendance!A:A,patient_attendance!E:E,"Not recorded") -> 7 | M7: =_xlfn.XLOOKUP(messy_patient_details[[#This Row],[ Patient ID ]],patient_outcome!A:A,patient_outcome!B:B,"Not recorded") -> Improved | N7: =_xlfn.XLOOKUP(messy_patient_details[[#This Row],[ Patient ID ]],patient_outcome!A:A,patient_outcome!C:C,"Not recorded") -> No
A8: PT1007 | B8: Emily | C8: BLACK | D8: 25720 | E8: M | F8: HEALTH CENTRE NORTH | G8: YES | H8: =_xlfn.XLOOKUP(messy_patient_details[[#This Row],[ Patient ID ]],Appointments!A:A,Appointments!B:B,"Not recorded") -> 3 | I8: =_xlfn.XLOOKUP(messy_patient_details[[#This Row],[ Patient ID ]],Appointments!A:A,Appointments!C:C,"Not recorded") -> Yes | J8: =_xlfn.XLOOKUP(messy_patient_details[[#This Row],[ Patient ID ]],patient_attendance!A:A,patient_attendance!C:C,"Not recorded") -> Cardiology | K8: =_xlfn.XLOOKUP(messy_patient_details[[#This Row],[ Patient ID ]],patient_attendance!A:A,patient_attendance!D:D,"Not recorded") -> 2025 | L8: =_xlfn.XLOOKUP(messy_patient_details[[#This Row],[ Patient ID ]],patient_attendance!A:A,patient_attendance!E:E,"Not recorded") -> 8 | M8: =_xlfn.XLOOKUP(messy_patient_details[[#This Row],[ Patient ID ]],patient_outcome!A:A,patient_outcome!B:B,"Not recorded") -> Improved | N8: =_xlfn.XLOOKUP(messy_patient_details[[#This Row],[ Patient ID ]],patient_outcome!A:A,patient_outcome!C:C,"Not recorded") -> Yes
A9: PT1008 | B9: Thomas | C9: HARRIS | D9: 25574 | E9: F | F9: HEALTH CENTRE NORTH | G9: NO | H9: =_xlfn.XLOOKUP(messy_patient_details[[#This Row],[ Patient ID ]],Appointments!A:A,Appointments!B:B,"Not recorded") -> 4 | I9: =_xlfn.XLOOKUP(messy_patient_details[[#This Row],[ Patient ID ]],Appointments!A:A,Appointments!C:C,"Not recorded") -> No | J9: =_xlfn.XLOOKUP(messy_patient_details[[#This Row],[ Patient ID ]],patient_attendance!A:A,patient_attendance!C:C,"Not recorded") -> Cardiology | K9: =_xlfn.XLOOKUP(messy_patient_details[[#This Row],[ Patient ID ]],patient_attendance!A:A,patient_attendance!D:D,"Not recorded") -> 2025 | L9: =_xlfn.XLOOKUP(messy_patient_details[[#This Row],[ Patient ID ]],patient_attendance!A:A,patient_attendance!E:E,"Not recorded") -> 9 | M9: =_xlfn.XLOOKUP(messy_patient_details[[#This Row],[ Patient ID ]],patient_outcome!A:A,patient_outcome!B:B,"Not recorded") -> Improved | N9: =_xlfn.XLOOKUP(messy_patient_details[[#This Row],[ Patient ID ]],patient_outcome!A:A,patient_outcome!C:C,"Not recorded") -> No
A10: PT1009 | B10: Laura | C10: WILSON | D10: 30814 | E10: M | F10: DR ADAMS | G10: YES | H10: =_xlfn.XLOOKUP(messy_patient_details[[#This Row],[ Patient ID ]],Appointments!A:A,Appointments!B:B,"Not recorded") -> 5 | I10: =_xlfn.XLOOKUP(messy_patient_details[[#This Row],[ Patient ID ]],Appointments!A:A,Appointments!C:C,"Not recorded") -> No | J10: =_xlfn.XLOOKUP(messy_patient_details[[#This Row],[ Patient ID ]],patient_attendance!A:A,patient_attendance!C:C,"Not recorded") -> Cardiology | K10: =_xlfn.XLOOKUP(messy_patient_details[[#This Row],[ Patient ID ]],patient_attendance!A:A,patient_attendance!D:D,"Not recorded") -> 2025 | L10: =_xlfn.XLOOKUP(messy_patient_details[[#This Row],[ Patient ID ]],patient_attendance!A:A,patient_attendance!E:E,"Not recorded") -> 10 | M10: =_xlfn.XLOOKUP(messy_patient_details[[#This Row],[ Patient ID ]],patient_outcome!A:A,patient_outcome!B:B,"Not recorded") -> Ongoing | N10: =_xlfn.XLOOKUP(messy_patient_details[[#This Row],[ Patient ID ]],patient_outcome!A:A,patient_outcome!C:C,"Not recorded") -> No
A11: PT1010 | B11: David | C11: CLARK | D11: 33200 | E11: F | F11: DR ADAMS | G11: YES | H11: =_xlfn.XLOOKUP(messy_patient_details[[#This Row],[ Patient ID ]],Appointments!A:A,Appointments!B:B,"Not recorded") -> 1 | I11: =_xlfn.XLOOKUP(messy_patient_details[[#This Row],[ Patient ID ]],Appointments!A:A,Appointments!C:C,"Not recorded") -> No | J11: =_xlfn.XLOOKUP(messy_patient_details[[#This Row],[ Patient ID ]],patient_attendance!A:A,patient_attendance!C:C,"Not recorded") -> Cardiology | K11: =_xlfn.XLOOKUP(messy_patient_details[[#This Row],[ Patient ID ]],patient_attendance!A:A,patient_attendance!D:D,"Not recorded") -> 2025 | L11: =_xlfn.XLOOKUP(messy_patient_details[[#This Row],[ Patient ID ]],patient_attendance!A:A,patient_attendance!E:E,"Not recorded") -> 11 | M11: =_xlfn.XLOOKUP(messy_patient_details[[#This Row],[ Patient ID ]],patient_outcome!A:A,patient_outcome!B:B,"Not recorded") -> Improved | N11: =_xlfn.XLOOKUP(messy_patient_details[[#This Row],[ Patient ID ]],patient_outcome!A:A,patient_outcome!C:C,"Not recorded") -> No
A12: PT1011 | B12: Emma | C12: LEWIS | D12: 33200 | E12: F | F12: HEALTH CENTRE NORTH | G12: NO | H12: =_xlfn.XLOOKUP(messy_patient_details[[#This Row],[ Patient ID ]],Appointments!A:A,Appointments!B:B,"Not recorded") -> 2 | I12: =_xlfn.XLOOKUP(messy_patient_details[[#This Row],[ Patient ID ]],Appointments!A:A,Appointments!C:C,"Not recorded") -> No | J12: =_xlfn.XLOOKUP(messy_patient_details[[#This Row],[ Patient ID ]],patient_attendance!A:A,patient_attendance!C:C,"Not recorded") -> Cardiology | K12: =_xlfn.XLOOKUP(messy_patient_details[[#This Row],[ Patient ID ]],patient_attendance!A:A,patient_attendance!D:D,"Not recorded") -> 2025 | L12: =_xlfn.XLOOKUP(messy_patient_details[[#This Row],[ Patient ID ]],patient_attendance!A:A,patient_attendance!E:E,"Not recorded") -> 12 | M12: =_xlfn.XLOOKUP(messy_patient_details[[#This Row],[ Patient ID ]],patient_outcome!A:A,patient_outcome!B:B,"Not recorded") -> Improved | N12: =_xlfn.XLOOKUP(messy_patient_details[[#This Row],[ Patient ID ]],patient_outcome!A:A,patient_outcome!C:C,"Not recorded") -> No
A13: PT1012 | B13: Daniel | C13: WALKER | D13: 30814 | E13: M | F13: HEALTH CENTRE NORTH | G13: NO | H13: =_xlfn.XLOOKUP(messy_patient_details[[#This Row],[ Patient ID ]],Appointments!A:A,Appointments!B:B,"Not recorded") -> 3 | I13: =_xlfn.XLOOKUP(messy_patient_details[[#This Row],[ Patient ID ]],Appointments!A:A,Appointments!C:C,"Not recorded") -> No | J13: =_xlfn.XLOOKUP(messy_patient_details[[#This Row],[ Patient ID ]],patient_attendance!A:A,patient_attendance!C:C,"Not recorded") -> Cardiology | K13: =_xlfn.XLOOKUP(messy_patient_details[[#This Row],[ Patient ID ]],patient_attendance!A:A,patient_attendance!D:D,"Not recorded") -> 2025 | L13: =_xlfn.XLOOKUP(messy_patient_details[[#This Row],[ Patient ID ]],patient_attendance!A:A,patient_attendance!E:E,"Not recorded") -> 1 | M13: =_xlfn.XLOOKUP(messy_patient_details[[#This Row],[ Patient ID ]],patient_outcome!A:A,patient_outcome!B:B,"Not recorded") -> Improved | N13: =_xlfn.XLOOKUP(messy_patient_details[[#This Row],[ Patient ID ]],patient_outcome!A:A,patient_outcome!C:C,"Not recorded") -> No
... A36: PT1035 | B36: Hannah | C36: ROGERS | D36: 25720 | E36: M | F36: DR ADAMS | G36: YES | H36: =_xlfn.XLOOKUP(messy_patient_details[[#This Row],[ Patient ID ]],Appointments!A:A,Appointments!B:B,"Not recorded") -> 1 | I36: =_xlfn.XLOOKUP(messy_patient_details[[#This Row],[ Patient ID ]],Appointments!A:A,Appointments!C:C,"Not recorded") -> Yes | J36: =_xlfn.XLOOKUP(messy_patient_details[[#This Row],[ Patient ID ]],patient_attendance!A:A,patient_attendance!C:C,"Not recorded") -> Cardiology | K36: =_xlfn.XLOOKUP(messy_patient_details[[#This Row],[ Patient ID ]],patient_attendance!A:A,patient_attendance!D:D,"Not recorded") -> 2025 | L36: =_xlfn.XLOOKUP(messy_patient_details[[#This Row],[ Patient ID ]],patient_attendance!A:A,patient_attendance!E:E,"Not recorded") -> 12 | M36: =_xlfn.XLOOKUP(messy_patient_details[[#This Row],[ Patient ID ]],patient_outcome!A:A,patient_outcome!B:B,"Not recorded") -> Improved | N36: =_xlfn.XLOOKUP(messy_patient_details[[#This Row],[ Patient ID ]],patient_outcome!A:A,patient_outcome!C:C,"Not recorded") -> No

Sheet Sheet1
